{"MMM": 144.02000427246094, "AOS": 62.72999954223633, "ABT": 133.0500030517578, "ABBV": 185.22000122070312, "ACN": 285.489990234375, "ADBE": 376.9200134277344, "AMD": 128.25, "AES": 10.4128999710083, "AFL": 103.30000305175781, "A": 115.55999755859375, "APD": 270.6700134277344, "ABNB": 131.718994140625, "AKAM": 78.41000366210938, "ALB": 56.66999816894531, "ARE": 71.37999725341797, "ALGN": 181.8699951171875, "ALLE": 137.6300048828125, "LNT": 60.540000915527344, "ALL": 195.35000610351562, "GOOGL": 166.69000244140625, "GOOG": 167.72000122070312, "MO": 59.724998474121094, "AMZN": 209.60459899902344, "AMCR": 8.970000267028809, "AEE": 94.69000244140625, "AEP": 101.75, "AXP": 298.4100036621094, "AIG": 85.13999938964844, "AMT": 217.52999877929688, "AWK": 141.24000549316406, "AMP": 510.3900146484375, "AME": 176.69000244140625, "AMGN": 289.3800048828125, "APH": 93.80500030517578, "ADI": 228.30999755859375, "ANSS": 334.79998779296875, "AON": 354.6400146484375, "APA": 19.969999313354492, "APO": 134.52000427246094, "AAPL": 200.94000244140625, "AMAT": 169.5800018310547, "APTV": 67.02999877929688, "ACGL": 90.16000366210938, "ADM": 53.61000061035156, "ANET": 86.25, "AJG": 320.1600036621094, "AIZ": 196.27000427246094, "T": 27.780000686645508, "ATO": 153.52999877929688, "ADSK": 297.20001220703125, "ADP": 306.3299865722656, "AZO": 3648.72998046875, "AVB": 206.97999572753906, "AVY": 175.5, "AXON": 777.2100219726562, "BKR": 39.0, "BALL": 56.22999954223633, "BAC": 45.52000045776367, "BAX": 30.0, "BDX": 168.5, "BRK.B": 484.739990234375, "BBY": 67.54000091552734, "TECH": 49.869998931884766, "BIIB": 127.05000305175781, "BLK": 974.6300048828125, "BX": 137.7100067138672, "BK": 91.62999725341797, "BA": 198.72000122070312, "BKNG": 5292.72998046875, "BSX": 101.30999755859375, "BMY": 46.86000061035156, "AVGO": 250.0, "BR": 236.44000244140625, "BRO": 108.66000366210938, "BF.B": 25.690000534057617, "BLDR": 114.80000305175781, "BG": 85.4000015258789, "BXP": 71.47000122070312, "CHRW": 92.66000366210938, "CDNS": 295.3999938964844, "CZR": 28.145000457763672, "CPT": 115.58000183105469, "CPB": 31.81999969482422, "COF": 198.39999389648438, "CAH": 163.38999938964844, "KMX": 68.5999984741211, "CCL": 23.760000228881836, "CARR": 70.44999694824219, "CAT": 360.5799865722656, "CBOE": 226.14999389648438, "CBRE": 133.89999389648438, "CDW": 170.69000244140625, "COR": 293.7099914550781, "CNC": 54.400001525878906, "CNP": 35.72999954223633, "CF": 100.3499984741211, "CRL": 147.42999267578125, "SCHW": 89.19999694824219, "CHTR": 386.39300537109375, "CVX": 149.47500610351562, "CMG": 52.790000915527344, "CB": 283.7699890136719, "CHD": 96.41999816894531, "CI": 314.3399963378906, "CINF": 145.42999267578125, "CTAS": 218.66000366210938, "CSCO": 66.33000183105469, "C": 78.45999908447266, "CFG": 41.720001220703125, "CLX": 120.80000305175781, "CME": 274.1300048828125, "CMS": 69.05999755859375, "KO": 68.8499984741211, "CTSH": 75.47000122070312, "COIN": 308.5299987792969, "CL": 87.79000091552734, "CMCSA": 34.52000045776367, "CAG": 21.485000610351562, "COP": 94.69999694824219, "ED": 100.93000030517578, "STZ": 162.35000610351562, "CEG": 305.0400085449219, "COO": 69.48500061035156, "CPRT": 47.959999084472656, "GLW": 50.40999984741211, "CPAY": 316.2799987792969, "CTVA": 73.69999694824219, "CSGP": 79.63999938964844, "COST": 980.280029296875, "CTRA": 26.969999313354492, "CRWD": 476.2200012207031, "CCI": 100.19000244140625, "CSX": 32.060001373291016, "CMI": 314.25, "CVS": 66.57499694824219, "DHR": 196.38999938964844, "DRI": 225.44000244140625, "DVA": 136.9510040283203, "DAY": 56.529998779296875, "DECK": 101.6500015258789, "DE": 521.219970703125, "DELL": 119.38999938964844, "DAL": 47.20000076293945, "DVN": 34.290000915527344, "DXCM": 80.0, "FANG": 148.85000610351562, "DLR": 175.4499969482422, "DG": 111.52999877929688, "DLTR": 98.73999786376953, "D": 54.220001220703125, "DPZ": 447.2799987792969, "DASH": 220.4600067138672, "DOV": 174.8090057373047, "DOW": 27.764999389648438, "DHI": 124.20999908447266, "DTE": 132.36000061035156, "DUK": 115.38999938964844, "DD": 66.20999908447266, "EMN": 74.23999786376953, "ETN": 331.2799987792969, "EBAY": 77.625, "ECL": 261.2200012207031, "EIX": 49.619998931884766, "EW": 73.83000183105469, "EA": 150.6199951171875, "ELV": 374.32000732421875, "EMR": 128.3300018310547, "ENPH": 35.83000183105469, "ETR": 80.95999908447266, "EOG": 125.31999969482422, "EPAM": 163.07000732421875, "EQT": 60.45000076293945, "EFX": 255.5500030517578, "EQIX": 882.780029296875, "EQR": 68.9800033569336, "ERIE": 351.9800109863281, "ESS": 284.30999755859375, "EL": 75.19000244140625, "EG": 337.2099914550781, "EVRG": 67.18000030517578, "ES": 62.52000045776367, "EXC": 42.59000015258789, "EXE": 122.05500030517578, "EXPE": 164.8800048828125, "EXPD": 113.62999725341797, "EXR": 146.11000061035156, "XOM": 114.70999908447266, "FFIV": 287.260009765625, "FDS": 422.75, "FICO": 1805.030029296875, "FAST": 40.95000076293945, "FRT": 95.43000030517578, "FDX": 225.99000549316406, "FIS": 80.13999938964844, "FITB": 39.349998474121094, "FSLR": 145.02000427246094, "FE": 39.90999984741211, "FI": 163.17999267578125, "F": 10.600000381469727, "FTNT": 99.8499984741211, "FTV": 69.61000061035156, "FOXA": 55.22999954223633, "FOX": 50.74100112915039, "BEN": 22.774999618530273, "FCX": 40.220001220703125, "GRMN": 200.02000427246094, "IT": 392.7699890136719, "GE": 239.27999877929688, "GEHC": 71.27100372314453, "GEV": 486.8399963378906, "GEN": 29.030000686645508, "GNRC": 127.36000061035156, "GD": 278.6700134277344, "GIS": 52.9900016784668, "GM": 48.18000030517578, "GPC": 119.7699966430664, "GILD": 107.98999786376953, "GPN": 76.5999984741211, "GL": 120.55000305175781, "GDDY": 174.8699951171875, "GS": 640.7100219726562, "HAL": 22.27899932861328, "HIG": 126.0999984741211, "HAS": 68.6449966430664, "HCA": 377.5, "DOC": 17.110000610351562, "HSIC": 71.98999786376953, "HSY": 171.50999450683594, "HES": 144.39999389648438, "HPE": 17.969999313354492, "HLT": 248.8800048828125, "HOLX": 64.51000213623047, "HD": 349.7099914550781, "HON": 221.8000030517578, "HRL": 30.40999984741211, "HST": 15.675000190734863, "HWM": 173.2969970703125, "HPQ": 24.1200008392334, "HUBB": 395.7799987792969, "HUM": 239.5800018310547, "HBAN": 15.824999809265137, "HII": 234.41000366210938, "IBM": 280.9700012207031, "IEX": 173.19500732421875, "IDXX": 523.9199829101562, "ITW": 240.55999755859375, "INCY": 68.45999908447266, "IR": 80.41500091552734, "PODD": 303.29998779296875, "INTC": 21.06999969482422, "ICE": 178.42999267578125, "IFF": 73.69999694824219, "IP": 45.84000015258789, "IPG": 23.40999984741211, "INTU": 761.1900024414062, "ISRG": 509.17999267578125, "IVZ": 14.8149995803833, "INVH": 33.720001220703125, "IQV": 154.72999572753906, "IRM": 101.33999633789062, "JBHT": 139.57000732421875, "JBL": 206.14999389648438, "JKHY": 178.2899932861328, "J": 127.33999633789062, "JNJ": 149.75999450683594, "JCI": 102.22000122070312, "JPM": 274.989990234375, "JNPR": 36.03499984741211, "K": 78.63999938964844, "KVUE": 21.399999618530273, "KDP": 33.56999969482422, "KEY": 16.149999618530273, "KEYS": 159.3800048828125, "KMB": 128.2899932861328, "KIM": 20.889999389648438, "KMI": 28.020000457763672, "KKR": 122.62000274658203, "KLAC": 850.0, "KHC": 25.799999237060547, "KR": 71.95999908447266, "LHX": 249.77999877929688, "LH": 261.8399963378906, "LRCX": 90.4800033569336, "LW": 53.529998779296875, "LVS": 41.68000030517578, "LDOS": 148.4499969482422, "LEN": 106.41000366210938, "LII": 550.1500244140625, "LLY": 762.719970703125, "LIN": 455.8710021972656, "LYV": 148.88499450683594, "LKQ": 37.119998931884766, "LMT": 470.5, "L": 89.1500015258789, "LOW": 212.72999572753906, "LULU": 227.42999267578125, "LYB": 58.349998474121094, "MTB": 185.05999755859375, "MPC": 169.11000061035156, "MKTX": 219.85000610351562, "MAR": 260.1300048828125, "MMC": 216.25999450683594, "MLM": 538.4199829101562, "MAS": 61.189998626708984, "MA": 532.7000122070312, "MTCH": 30.600000381469727, "MKC": 73.05999755859375, "MCD": 287.3299865722656,